{
    "loss": 13.119301795959473,
    "accuracy": 0.6133333444595337
}