{
    "loss": 7.649798393249512,
    "accuracy": 0.6133333444595337
}